{
  "greedy_wer": 0.3430841459010473,
  "greedy_cer": 0.051530758974090825,
  "postproc_wer": 0.28421812928855184,
  "postproc_cer": 0.047086198331982534
}